speed,gear,rpm,throttle,brake,distance,lap,lap_time,best_time,valid_lap
272.8938293457031,7,12216,1.0,0.0,0.0,3,0.045,40.052,False
273.7473449707031,7,12231,1.0,0.0,6.1015625,3,0.126,40.052,False
274.4168701171875,7,12304,1.0,0.0,12.6171875,3,0.21,40.052,False
274.86077880859375,7,12311,1.0,0.0,16.4765625,3,0.261,40.052,False
275.3017272949219,7,12313,1.0,0.0,20.3046875,3,0.309,40.052,False
275.7467041015625,7,12318,1.0,0.0,24.1328125,3,0.36,40.052,False
276.1573791503906,7,12347,1.0,0.0,28.0625,3,0.411,40.052,False
276.5582275390625,7,12383,1.0,0.0,31.890625,3,0.462,40.052,False
276.9720153808594,7,12371,1.0,0.0,35.8671875,3,0.513,40.052,False
277.34075927734375,7,12403,1.0,0.0,40.078125,3,0.57,40.052,False
277.70855712890625,7,12413,1.0,0.0,43.90625,3,0.618,40.052,False
278.06683349609375,7,12427,1.0,0.0,47.7421875,3,0.669,40.052,False
278.4303283691406,7,12434,1.0,0.0,51.5703125,3,0.72,40.052,False
278.74517822265625,7,12467,1.0,0.0,55.4609375,3,0.768,40.052,False
279.0693664550781,7,12478,1.0,0.0,58.9375,3,0.816,40.052,False
279.39892578125,7,12479,1.0,0.0,63.296875,3,0.873,40.052,False
279.7066345214844,7,12495,1.0,0.0,67.421875,3,0.924,40.052,False
279.9969177246094,7,12504,1.0,0.0,71.484375,3,0.975,40.052,False
280.3035583496094,7,12508,1.0,0.0,75.2109375,3,1.023,40.052,False
280.5854187011719,7,12535,1.0,0.0,79.7890625,3,1.083,40.052,False
280.85980224609375,7,12542,1.0,0.0,83.4921875,3,1.131,40.052,False
281.11163330078125,7,12556,1.0,0.0,87.5078125,3,1.179,40.052,False
281.3731994628906,7,12553,1.0,0.0,91.6328125,3,1.233,40.052,False
281.59649658203125,7,12580,1.0,0.0,95.3671875,3,1.281,40.052,False
281.837646484375,7,12589,1.0,0.0,99.375,3,1.332,40.052,False
282.0538024902344,7,12588,1.0,0.0,103.5,3,1.386,40.052,False
282.2789611816406,7,12604,1.0,0.0,107.5859375,3,1.437,40.052,False
282.4559020996094,7,12626,1.0,0.0,111.4921875,3,1.488,40.052,False
282.671142578125,7,12616,1.0,0.0,115.3984375,3,1.536,40.052,False
282.89306640625,7,12612,1.0,0.0,119.6953125,3,1.593,40.052,False
283.0567626953125,7,12641,1.0,0.0,123.6328125,3,1.641,40.052,False
283.23602294921875,7,12656,1.0,0.0,127.5546875,3,1.692,40.052,False
283.41448974609375,7,12648,1.0,0.0,131.515625,3,1.743,40.052,False
283.58526611328125,7,12655,1.0,0.0,135.4453125,3,1.794,40.052,False
283.7437438964844,7,12663,1.0,0.0,139.4609375,3,1.845,40.052,False
283.9110412597656,7,12656,1.0,0.030650019645690918,143.4140625,3,1.896,40.052,False
283.6646728515625,7,12639,0.9633499979972839,0.18470001220703125,147.3203125,3,1.947,40.052,False
282.3477478027344,7,12457,0.54544997215271,0.3409000039100647,151.3984375,3,1.998,40.052,False
279.44940185546875,7,12258,0.14305001497268677,0.44760000705718994,155.484375,3,2.049,40.052,False
275.64031982421875,7,12075,0.0,0.5187000036239624,159.75,3,2.103,40.052,False
271.4681091308594,7,11850,0.0,0.5702999830245972,163.2109375,3,2.151,40.052,False
266.7619323730469,7,11660,0.0,0.6238999962806702,167.3359375,3,2.205,40.052,False
262.0798645019531,7,11409,0.0,0.6832500100135803,171.15625,3,2.256,40.052,False
257.1088562011719,7,11210,0.0,0.7155500054359436,174.7734375,3,2.307,40.052,False
251.8174285888672,7,11000,0.0,0.7140499949455261,178.7578125,3,2.364,40.052,False
246.43447875976562,7,10684,0.0,0.7135000228881836,182.2578125,3,2.415,40.052,False
241.57522583007812,7,10491,0.0,0.7044500112533569,186.0625,3,2.469,40.052,False
236.80062866210938,7,10306,0.0,0.6798999905586243,189.453125,3,2.52,40.052,False
232.20037841796875,7,10134,0.0,0.6574499607086182,192.75,3,2.571,40.052,False
227.58456420898438,7,9925,0.0,0.5997499823570251,196.3515625,3,2.625,40.052,False
223.79681396484375,7,9790,0.0,0.550599992275238,199.5,3,2.676,40.052,False
219.8438262939453,7,9588,0.0,0.5041999816894531,202.5859375,3,2.727,40.052,False
216.30429077148438,7,9458,0.0,0.4728499948978424,205.6328125,3,2.775,40.052,False
212.93661499023438,7,9343,0.0,0.42900002002716064,208.609375,3,2.826,40.052,False
209.89979553222656,7,9228,0.0,0.35645002126693726,211.859375,3,2.88,40.052,False
207.38009643554688,7,9136,0.0,0.2427000105381012,214.8203125,3,2.931,40.052,False
205.4605712890625,7,9069,0.0,0.14500001072883606,217.71875,3,2.982,40.052,False
203.9338836669922,7,9007,0.0,0.09769999980926514,220.546875,3,3.033,40.052,False
202.582275390625,7,8953,0.0,0.08755001425743103,223.359375,3,3.081,40.052,False
201.2244415283203,7,8896,0.0,0.09970000386238098,226.453125,3,3.138,40.052,False
199.8369903564453,7,8834,0.0,0.10330000519752502,229.265625,3,3.186,40.052,False
198.4365997314453,7,8773,0.0,0.10155001282691956,232.0234375,3,3.237,40.052,False
197.07798767089844,7,8710,0.0,0.09790000319480896,234.7578125,3,3.288,40.052,False
195.73126220703125,7,8651,0.0,0.09894999861717224,237.765625,3,3.342,40.052,False
194.37713623046875,7,8596,0.0,0.09679999947547913,240.5,3,3.393,40.052,False
193.05441284179688,7,8543,0.0,0.0889500081539154,243.203125,3,3.444,40.052,False
191.78538513183594,7,8484,0.0,0.08430001139640808,245.890625,3,3.492,40.052,False
190.54443359375,7,8429,0.0,0.0788000226020813,248.546875,3,3.543,40.052,False
189.3001708984375,7,8378,0.031200021505355835,0.049549996852874756,251.46875,3,3.597,40.052,False
188.32875061035156,7,8345,0.06815001368522644,0.0,254.125,3,3.648,40.052,False
187.4552001953125,7,8301,0.02905002236366272,0.0,256.7109375,3,3.699,40.052,False
186.5446014404297,7,8260,0.0,0.0,259.3359375,3,3.75,40.052,False
185.63243103027344,7,8217,0.0,0.0,261.984375,3,3.801,40.052,False
184.7325439453125,7,8182,0.07530000805854797,0.0,264.5859375,3,3.852,40.052,False
183.86795043945312,7,8148,0.11520001292228699,0.0,267.4296875,3,3.906,40.052,False
183.04495239257812,7,8110,0.1193000078201294,0.0,270.0078125,3,3.957,40.052,False
182.21844482421875,7,8071,0.10330000519752502,0.0,272.6171875,3,4.008,40.052,False
181.34597778320312,7,8033,0.0661500096321106,0.0,275.0703125,3,4.059,40.052,False
180.38072204589844,7,7990,0.04945001006126404,0.0,277.53125,3,4.107,40.052,False
179.44471740722656,7,7941,0.027750015258789062,0.0,280.328125,3,4.161,40.052,False
178.43553161621094,7,7899,0.0,0.0,282.828125,3,4.209,40.052,False
177.39930725097656,7,7846,0.0,0.0,285.5859375,3,4.266,40.052,False
176.31358337402344,7,7791,0.0,0.0,288.03125,3,4.317,40.052,False
175.17044067382812,7,7738,0.0,0.0,290.4609375,3,4.365,40.052,False
173.89044189453125,7,7680,0.0,0.0,292.984375,3,4.419,40.052,False
172.50990295410156,7,7625,0.0,0.0,295.296875,3,4.467,40.052,False
170.90609741210938,7,7560,0.0,0.0,297.734375,3,4.518,40.052,False
169.28575134277344,7,7494,0.0,0.0,300.3828125,3,4.572,40.052,False
167.7291259765625,7,7423,0.0,0.0,302.7265625,3,4.623,40.052,False
166.1673126220703,7,7360,0.0,0.0,305.0859375,3,4.674,40.052,False
164.617919921875,7,7298,0.0,0.0,307.34375,3,4.722,40.052,False
163.01417541503906,7,7228,0.0,0.0,309.6328125,3,4.773,40.052,False
161.62164306640625,7,7157,0.0,0.0,312.1640625,3,4.83,40.052,False
160.35963439941406,7,7084,0.0,0.0,314.4296875,3,4.878,40.052,False
159.08279418945312,7,7018,0.0,0.0,316.609375,3,4.929,40.052,False
157.87477111816406,7,6961,0.0,0.0,318.765625,3,4.977,40.052,False
156.61843872070312,7,6893,0.0,0.0,321.0546875,3,5.028,40.052,False
155.29678344726562,7,6851,0.0,0.0,323.28125,3,5.079,40.052,False
154.03396606445312,7,6798,0.0,0.0,325.3359375,3,5.127,40.052,False
152.94239807128906,7,6735,0.0,0.0,327.640625,3,5.184,40.052,False
151.68475341796875,7,6689,0.0,0.0,329.765625,3,5.235,40.052,False
150.62130737304688,7,6635,0.0,0.0,331.9296875,3,5.286,40.052,False
149.11627197265625,7,6525,0.0,0.0,334.1953125,3,5.337,40.052,False
147.61802673339844,7,6479,0.0,0.0,336.3828125,3,5.391,40.052,False
145.97549438476562,7,6433,0.0,0.0,338.3984375,3,5.439,40.052,False
144.53627014160156,7,6338,0.0,0.0,340.4296875,3,5.49,40.052,False
143.24574279785156,7,6284,0.0,0.0,342.65625,3,5.544,40.052,False
142.08242797851562,7,6244,0.0,0.0,344.609375,3,5.595,40.052,False
140.9560089111328,7,6216,0.0,0.0,346.5625,3,5.646,40.052,False
139.80084228515625,7,6197,0.0,0.0,348.515625,3,5.694,40.052,False
138.6995391845703,7,6151,0.0,0.0,350.6796875,3,5.751,40.052,False
137.6240997314453,7,6100,0.0,0.0,352.625,3,5.802,40.052,False
136.55599975585938,7,6051,0.0,0.0,354.5078125,3,5.85,40.052,False
135.8717803955078,7,6022,0.0,0.0,356.0078125,3,5.886,40.052,False
135.8087615966797,7,6020,0.0,0.0,356.0078125,3,5.886,40.052,False
134.71823120117188,7,5973,0.0,0.0,357.7265625,3,5.937,40.052,False
133.6497344970703,7,5925,0.0,0.0,359.7421875,3,5.991,40.052,False
132.60308837890625,7,5872,0.0,0.0,361.484375,3,6.036,40.052,False
131.51402282714844,7,5824,0.0,0.0,363.5078125,3,6.093,40.052,False
130.40403747558594,7,5782,0.0,0.0,365.3046875,3,6.144,40.052,False
129.27330017089844,7,5729,0.0,0.0,367.15625,3,6.195,40.052,False
128.09078979492188,7,5675,0.0,0.0,368.953125,3,6.243,40.052,False
126.87010192871094,7,5616,0.0,0.0,370.75,3,6.294,40.052,False
125.61067199707031,7,5558,0.0,0.0,372.671875,3,6.348,40.052,False
124.3340835571289,7,5495,0.0,0.0,374.3125,3,6.396,40.052,False
122.87212371826172,7,5427,0.0,0.0,376.0546875,3,6.447,40.052,False
121.49877166748047,7,5373,0.0,0.0,377.78125,3,6.498,40.052,False
120.13390350341797,7,5310,0.0,0.0,379.5703125,3,6.552,40.052,False
111.06787109375,7,5122,0.0,0.0,381.2109375,3,6.603,40.052,False
110.03909301757812,7,4850,0.0,0.0,382.9140625,3,6.657,40.052,False
99.20559692382812,7,4778,0.0,0.0,384.3515625,3,6.705,40.052,False
97.38060760498047,7,4496,0.0,0.0,385.7109375,3,6.756,40.052,False
97.3982925415039,7,4349,0.0,0.0,387.171875,3,6.81,40.052,False
96.8957748413086,7,4241,0.023800015449523926,0.0,388.3671875,3,6.855,40.052,False
96.24947357177734,7,4152,0.08390000462532043,0.0,389.8515625,3,6.909,40.052,False
95.75482177734375,7,4082,0.07125002145767212,0.0,391.203125,3,6.96,40.052,False
95.27889251708984,7,3914,0.0,0.0,392.6640625,3,7.017,40.052,False
94.84149932861328,7,3746,0.0459500253200531,0.0,394.03125,3,7.068,40.052,False
94.40840148925781,7,3621,0.21250000596046448,0.0,395.265625,3,7.113,40.052,False
93.95014190673828,1,3595,0.40654999017715454,0.0,396.65625,3,7.167,40.052,False
93.45944213867188,6,4073,0.45774999260902405,0.0,398.046875,3,7.221,40.052,False
92.1882095336914,6,4626,0.47554999589920044,0.0,399.3125,3,7.269,40.052,False
91.7218017578125,6,4694,0.5364000201225281,0.0,400.6171875,3,7.32,40.052,False
91.20482635498047,6,4780,0.5928000211715698,0.0,401.9609375,3,7.374,40.052,False
90.73518371582031,1,5266,1.0,0.0,403.1796875,3,7.422,40.052,False
90.4190902709961,5,5450,0.6363999843597412,0.0,404.484375,3,7.476,40.052,False
90.05256652832031,5,5404,0.6363999843597412,0.0,405.734375,3,7.524,40.052,False
89.72796630859375,5,5390,0.6399999856948853,0.0,407.09375,3,7.578,40.052,False
89.48340606689453,5,5378,0.6539499759674072,0.0,408.3984375,3,7.629,40.052,False
89.36439514160156,5,5371,0.6731500029563904,0.0,409.5859375,3,7.68,40.052,False
89.24384307861328,5,5353,0.6917999982833862,0.0,410.890625,3,7.731,40.052,False
89.10166931152344,5,5355,0.6965500116348267,0.0,412.1328125,3,7.782,40.052,False
88.98512268066406,5,5349,0.6969499588012695,0.0,413.3359375,3,7.833,40.052,False
88.88858032226562,5,5339,0.7056000232696533,0.0,414.734375,3,7.887,40.052,False
88.8271484375,5,5333,0.7520999908447266,0.0,415.984375,3,7.935,40.052,False
88.78793334960938,5,5343,0.8110499978065491,0.0,417.25,3,7.989,40.052,False
88.74964904785156,5,5425,0.8496500253677368,0.0,418.53125,3,8.04,40.052,False
88.91485595703125,5,5361,0.871399998664856,0.0,419.78125,3,8.088,40.052,False
89.00757598876953,5,5384,0.8847500085830688,0.0,421.0859375,3,8.142,40.052,False
89.15184020996094,5,5387,0.8899999856948853,0.0,422.25,3,8.19,40.052,False
89.33399963378906,5,5410,0.9045499563217163,0.0,423.5703125,3,8.241,40.052,False
89.61080932617188,5,5424,0.9350500106811523,0.0,424.8515625,3,8.292,40.052,False
89.94698333740234,5,5447,0.9764499664306641,0.0,426.109375,3,8.343,40.052,False
90.40924835205078,5,5476,1.0,0.0,427.3515625,3,8.394,40.052,False
90.93042755126953,5,5531,1.0,0.0,428.7265625,3,8.448,40.052,False
91.54461669921875,5,5547,1.0,0.0,430.0,3,8.499,40.052,False
92.19099426269531,5,5610,1.0,0.0,431.2734375,3,8.547,40.052,False
92.9875717163086,5,5646,1.0,0.0,432.671875,3,8.601,40.052,False
93.70832824707031,5,5734,1.0,0.0,433.984375,3,8.652,40.052,False
94.6476821899414,5,5744,1.0,0.0,435.1640625,3,8.7,40.052,False
95.48331451416016,5,5865,1.0,0.0,436.6484375,3,8.754,40.052,False
96.50546264648438,5,5875,1.0,0.0,437.9609375,3,8.805,40.052,False
97.416015625,5,6008,1.0,0.0,439.296875,3,8.853,40.052,False
98.54613494873047,5,6011,1.0,0.0,440.84375,3,8.91,40.052,False
99.62604522705078,5,6077,1.0,0.0,442.140625,3,8.958,40.052,False
100.728515625,5,6180,1.0,0.0,443.671875,3,9.012,40.052,False
102.1364974975586,5,6238,1.0,0.0,445.2421875,3,9.069,40.052,False
103.33221435546875,5,6346,1.0,0.0,446.7265625,3,9.12,40.052,False
104.60101318359375,5,6403,1.0,0.0,448.1484375,3,9.171,40.052,False
105.90628814697266,5,6490,1.0,0.0,449.640625,3,9.222,40.052,False
107.19636535644531,5,6611,1.0,0.0,451.2578125,3,9.273,40.052,False
108.72335052490234,5,6669,1.0,0.0,452.7890625,3,9.324,40.052,False
110.11065673828125,5,6791,1.0,0.0,454.09375,3,9.369,40.052,False
111.60372924804688,5,6887,1.0,0.0,455.859375,3,9.426,40.052,False
113.15650939941406,5,6970,1.0,0.0,457.4765625,3,9.48,40.052,False
114.77820587158203,5,7042,1.0,0.0,459.109375,3,9.531,40.052,False
116.22481536865234,5,7327,1.0,0.0,460.7578125,3,9.582,40.052,False
118.15673065185547,5,7244,1.0,0.0,462.3984375,3,9.633,40.052,False
119.73303985595703,5,7474,1.0,0.0,464.0703125,3,9.684,40.052,False
121.5871353149414,5,7536,1.0,0.0,465.78125,3,9.735,40.052,False
123.44324493408203,5,7644,1.0,0.0,467.40625,3,9.783,40.052,False
125.20576477050781,5,7866,1.0,0.0,469.34375,3,9.84,40.052,False
126.83702087402344,5,8153,1.0,0.0,471.1640625,3,9.891,40.052,False
129.1636199951172,5,7996,1.0,0.0,472.9921875,3,9.942,40.052,False
131.03643798828125,5,8182,1.0,0.0,474.6015625,3,9.99,40.052,False
132.93624877929688,5,8401,1.0,0.0,476.296875,3,10.038,40.052,False
135.36187744140625,5,8434,1.0,0.0,478.6484375,3,10.098,40.052,False
137.38232421875,5,8599,1.0,0.0,480.671875,3,10.152,40.052,False
139.59864807128906,5,8712,1.0,0.0,482.6484375,3,10.203,40.052,False
141.70639038085938,5,8871,1.0,0.0,484.7265625,3,10.257,40.052,False
143.84503173828125,5,8913,1.0,0.0,486.6796875,3,10.308,40.052,False
145.72621154785156,5,9222,1.0,0.0,488.5625,3,10.353,40.052,False
147.97210693359375,5,9228,1.0,0.0,490.78125,3,10.407,40.052,False
150.05996704101562,5,9335,1.0,0.0,492.9609375,3,10.458,40.052,False
152.24270629882812,5,9495,1.0,0.0,495.1640625,3,10.512,40.052,False
154.39698791503906,5,9589,1.0,0.0,497.359375,3,10.563,40.052,False
156.4321746826172,1,9614,1.0,0.0,499.5625,3,10.614,40.052,False
157.8784942626953,6,8480,1.0,0.0,501.7890625,3,10.665,40.052,False
159.7174835205078,6,8592,1.0,0.0,503.875,3,10.713,40.052,False
161.77944946289062,6,8517,1.0,0.0,506.3671875,3,10.77,40.052,False
163.48867797851562,6,8784,1.0,0.0,508.3984375,3,10.815,40.052,False
165.38145446777344,6,8903,1.0,0.0,510.6640625,3,10.869,40.052,False
167.48658752441406,6,8876,1.0,0.0,513.328125,3,10.92,40.052,False
169.34112548828125,6,9018,1.0,0.0,515.734375,3,10.974,40.052,False
171.40185546875,6,9039,1.0,0.0,518.109375,3,11.025,40.052,False
173.26705932617188,6,9235,1.0,0.0,520.546875,3,11.076,40.052,False
175.2209930419922,6,9322,1.0,0.0,523.0390625,3,11.127,40.052,False
177.13340759277344,6,9436,1.0,0.0,525.5,3,11.175,40.052,False
179.14419555664062,6,9477,1.0,0.0,528.046875,3,11.229,40.052,False
181.03805541992188,6,9604,1.0,0.0,530.609375,3,11.277,40.052,False
182.39089965820312,7,8398,1.0,0.0,533.1796875,3,11.328,40.052,False
184.1238250732422,7,8365,1.0,0.0,535.7890625,3,11.379,40.052,False
185.64031982421875,7,8534,1.0,0.0,538.4140625,3,11.433,40.052,False
187.33737182617188,7,8546,1.0,0.0,540.9453125,3,11.481,40.052,False
189.00372314453125,7,8649,1.0,0.0,543.828125,3,11.535,40.052,False
190.69644165039062,7,8692,1.0,0.0,546.484375,3,11.586,40.052,False
192.43072509765625,7,8730,1.0,0.0,549.078125,3,11.634,40.052,False
193.9869384765625,7,8919,1.0,0.0,551.7890625,3,11.685,40.052,False
195.77125549316406,7,8897,1.0,0.0,554.828125,3,11.742,40.052,False
197.38973999023438,7,9010,1.0,0.0,557.28125,3,11.787,40.052,False
199.06886291503906,7,9084,1.0,0.0,560.328125,3,11.844,40.052,False
200.75503540039062,7,9134,1.0,0.0,563.0625,3,11.892,40.052,False
201.75732421875,8,8145,1.0,0.0,565.8359375,3,11.943,40.052,False
203.11663818359375,8,8205,1.0,0.0,568.9296875,3,11.997,40.052,False
204.5543975830078,8,8294,1.0,0.0,571.7265625,3,12.045,40.052,False
205.9642791748047,8,8342,1.0,0.0,574.7421875,3,12.099,40.052,False
207.44117736816406,8,8364,1.0,0.0,577.3671875,3,12.147,40.052,False
208.87777709960938,8,8427,1.0,0.0,580.6875,3,12.204,40.052,False
210.26742553710938,8,8507,1.0,0.0,583.578125,3,12.252,40.052,False
211.7270050048828,8,8551,1.0,0.0,586.75,3,12.306,40.052,False
213.11648559570312,8,8627,1.0,0.0,589.5,3,12.354,40.052,False
214.5590057373047,8,8658,1.0,0.0,592.703125,3,12.405,40.052,False
215.9762725830078,8,8710,1.0,0.0,595.671875,3,12.456,40.052,False
217.439453125,8,8777,1.0,0.0,598.9765625,3,12.51,40.052,False
218.79522705078125,8,8849,1.0,0.0,601.8828125,3,12.558,40.052,False
220.1802520751953,8,8880,1.0,0.0,605.1875,3,12.612,40.052,False
221.5143585205078,8,8935,1.0,0.0,608.0546875,3,12.663,40.052,False
222.800048828125,8,9002,1.0,0.0,611.4296875,3,12.714,40.052,False
224.11886596679688,8,9021,1.0,0.0,614.296875,3,12.765,40.052,False
225.1750030517578,8,9054,1.0,0.18775001168251038,617.40625,3,12.813,40.052,False
224.77120971679688,8,8883,0.6468999981880188,0.4695500135421753,620.9296875,3,12.87,40.052,False
221.8404998779297,8,8656,0.2425999939441681,0.6591500043869019,624.1171875,3,12.918,40.052,False
217.9261932373047,8,8470,0.0,0.6060000061988831,627.3046875,3,12.972,40.052,False
213.97679138183594,8,8306,0.0,0.6309000253677368,630.2421875,3,13.02,40.052,False
209.7226104736328,8,8094,0.0,0.7127499580383301,633.265625,3,13.071,40.052,False
204.82373046875,8,7901,0.0,0.7477499842643738,636.3359375,3,13.125,40.052,False
200.14065551757812,1,9410,1.0,0.7475000023841858,639.0078125,3,13.176,40.052,False
195.9274444580078,7,8422,0.0,0.7433500289916992,641.8125,3,13.23,40.052,False
191.2756805419922,7,8218,0.0,0.7257999777793884,644.7734375,3,13.278,40.052,False
186.72216796875,7,8010,0.0,0.7125999927520752,647.5390625,3,13.329,40.052,False
182.27928161621094,7,7834,0.0,0.6839500069618225,650.1171875,3,13.38,40.052,False
178.1774444580078,6,9008,0.0,0.65625,652.640625,3,13.431,40.052,False
174.23614501953125,6,8670,0.0,0.6427500247955322,655.2890625,3,13.485,40.052,False
170.19569396972656,6,8526,0.0,0.6100500226020813,657.6015625,3,13.533,40.052,False
166.4269256591797,6,8347,0.0,0.5799499750137329,660.0859375,3,13.587,40.052,False
162.85902404785156,6,8180,0.0,0.5628499984741211,662.28125,3,13.635,40.052,False
159.6019744873047,5,9311,0.0,0.5405499935150146,664.6953125,3,13.686,40.052,False
156.33905029296875,5,9093,0.0,0.4932500123977661,666.9375,3,13.737,40.052,False
153.28138732910156,5,8928,0.0,0.4467499852180481,669.140625,3,13.788,40.052,False
150.37574768066406,5,8748,0.0,0.42739999294281006,671.265625,3,13.839,40.052,False
147.65463256835938,5,8573,0.0,0.41214999556541443,673.3203125,3,13.89,40.052,False
144.7354736328125,5,8399,0.0,0.3871999979019165,675.5234375,3,13.944,40.052,False
141.99923706054688,5,8252,0.0,0.3536999821662903,677.6484375,3,13.995,40.052,False
139.20199584960938,5,8119,0.0,0.32739999890327454,679.6015625,3,14.046,40.052,False
136.67337036132812,5,7952,0.0,0.30674999952316284,681.5703125,3,14.097,40.052,False
134.31008911132812,5,7880,0.0,0.20845001935958862,683.578125,3,14.151,40.052,False
132.47451782226562,5,7837,0.0,0.070250004529953,685.2890625,3,14.196,40.052,False
131.21551513671875,5,7780,0.022750020027160645,0.0,687.265625,3,14.25,40.052,False
130.34457397460938,5,7796,0.33490002155303955,0.0,688.7890625,3,14.295,40.052,False
129.95018005371094,5,7842,0.6109499931335449,0.0,690.953125,3,14.355,40.052,False
129.88587951660156,5,7925,0.6933500170707703,0.0,692.703125,3,14.403,40.052,False
130.12049865722656,5,7942,0.6984999775886536,0.0,694.5625,3,14.454,40.052,False
130.3392791748047,5,7917,0.7005000114440918,0.0,696.6171875,3,14.508,40.052,False
130.50888061523438,5,7984,0.7013000249862671,0.0,698.4140625,3,14.559,40.052,False
130.88787841796875,5,7928,0.7013000249862671,0.0,700.2109375,3,14.61,40.052,False
130.95948791503906,5,8034,0.7013000249862671,0.0,702.1875,3,14.664,40.052,False
131.3163604736328,5,7998,0.7013000249862671,0.0,703.984375,3,14.715,40.052,False
131.69029235839844,5,8009,0.7038999795913696,0.0,705.6953125,3,14.763,40.052,False
132.12777709960938,5,8056,0.729200005531311,0.0,707.390625,3,14.811,40.052,False
132.76055908203125,5,8067,0.7533999681472778,0.0,709.2734375,3,14.862,40.052,False
133.42855834960938,5,8110,0.7565499544143677,0.0,711.2578125,3,14.913,40.052,False
134.0946044921875,5,8158,0.7563999891281128,0.0,713.09375,3,14.964,40.052,False
134.7716522216797,5,8220,0.7477499842643738,0.0,715.2421875,3,15.021,40.052,False
135.34579467773438,5,8282,0.7393499612808228,0.0,717.0859375,3,15.069,40.052,False
135.8796844482422,5,8350,0.7326499819755554,0.0,719.3046875,3,15.126,40.052,False
136.4158935546875,5,8376,0.7089499831199646,0.0,721.1796875,3,15.177,40.052,False
136.84071350097656,5,8355,0.6378499865531921,0.0,723.078125,3,15.228,40.052,False
136.97445678710938,5,8323,0.5582000017166138,0.0,724.96875,3,15.276,40.052,False
136.86627197265625,5,8274,0.4803999960422516,0.0,726.8671875,3,15.327,40.052,False
136.5767059326172,5,8226,0.3779500126838684,0.0,728.765625,3,15.378,40.052,False
136.1241455078125,5,8143,0.22914999723434448,0.0,730.78125,3,15.432,40.052,False
135.46014404296875,5,8042,0.06175002455711365,0.0,732.453125,3,15.48,40.052,False
134.6026153564453,5,7968,0.0,0.0,734.421875,3,15.531,40.052,False
133.7344512939453,5,7907,0.0,0.0,736.53125,3,15.588,40.052,False
132.83604431152344,5,7849,0.0,0.0,738.2734375,3,15.633,40.052,False
131.9001922607422,5,7798,0.0,0.0,740.1484375,3,15.687,40.052,False
130.96621704101562,5,7745,0.0,0.0,742.2265625,3,15.741,40.052,False
129.99281311035156,5,7711,0.10815000534057617,0.0,744.046875,3,15.789,40.052,False
129.15724182128906,5,7722,0.20800000429153442,0.0,745.9765625,3,15.846,40.052,False
128.4228057861328,5,7674,0.17535001039505005,0.0,747.7421875,3,15.894,40.052,False
127.66394805908203,5,7606,0.12155002355575562,0.0,749.71875,3,15.948,40.052,False
126.81198120117188,5,7538,0.07175001502037048,0.0,751.515625,3,15.999,40.052,False
125.9458999633789,5,7480,0.06319999694824219,0.0,753.3125,3,16.05,40.052,False
125.18878173828125,5,7431,0.117249995470047,0.0,755.0703125,3,16.101,40.052,False
124.50879669189453,5,7413,0.21060001850128174,0.0,756.65625,3,16.149,40.052,False
123.99729919433594,5,7422,0.3730999827384949,0.0,758.5546875,3,16.2,40.052,False
123.6606216430664,5,7413,0.4223499894142151,0.0,760.4609375,3,16.257,40.052,False
123.27298736572266,5,7394,0.4165000021457672,0.0,762.1484375,3,16.308,40.052,False
122.85298919677734,5,7367,0.39754998683929443,0.0,763.828125,3,16.356,40.052,False
122.42228698730469,5,7336,0.3783999979496002,0.0,765.6328125,3,16.407,40.052,False
121.96728515625,5,7305,0.37870001792907715,0.0,767.375,3,16.458,40.052,False
121.57613372802734,5,7276,0.3787499964237213,0.0,769.0703125,3,16.512,40.052,False
121.18277740478516,5,7249,0.37835001945495605,0.0,770.640625,3,16.557,40.052,False
120.7798843383789,5,7229,0.3790000081062317,0.0,772.3203125,3,16.608,40.052,False
120.406982421875,5,7203,0.3828499913215637,0.0,774.15625,3,16.662,40.052,False
120.01829528808594,5,7186,0.4178500175476074,0.0,775.7578125,3,16.713,40.052,False
119.67496490478516,5,7172,0.48785001039505005,0.0,777.65625,3,16.767,40.052,False
119.38790130615234,5,7163,0.5242499709129333,0.0,779.46875,3,16.818,40.052,False
119.14727783203125,5,7162,0.5667499899864197,0.0,781.1875,3,16.872,40.052,False
119.01839447021484,5,7179,0.652999997138977,0.0,782.84375,3,16.92,40.052,False
119.05467224121094,5,7207,0.6993499994277954,0.0,784.59375,3,16.974,40.052,False
119.15644836425781,5,7230,0.727649986743927,0.0,786.2265625,3,17.025,40.052,False
119.33576965332031,5,7259,0.7545999884605408,0.0,787.9921875,3,17.076,40.052,False
119.5887222290039,5,7278,0.7689000368118286,0.0,789.5859375,3,17.127,40.052,False
119.92432403564453,5,7307,0.7833999991416931,0.0,791.28125,3,17.178,40.052,False
120.33683013916016,5,7358,0.8091999888420105,0.0,792.90625,3,17.226,40.052,False
120.9239730834961,5,7405,0.8428000211715698,0.0,794.640625,3,17.28,40.052,False
121.60490417480469,5,7491,0.8750499486923218,0.0,796.3046875,3,17.328,40.052,False
122.50782775878906,5,7561,0.9077500104904175,0.0,798.140625,3,17.382,40.052,False
123.65977478027344,5,7570,0.9424499869346619,0.0,799.828125,3,17.43,40.052,False
124.90830993652344,5,7649,0.992900013923645,0.0,801.6171875,3,17.481,40.052,False
126.30830383300781,5,7734,1.0,0.0,803.3828125,3,17.535,40.052,False
127.77228546142578,5,7800,1.0,0.0,805.3203125,3,17.589,40.052,False
129.17666625976562,5,7924,1.0,0.0,807.1796875,3,17.64,40.052,False
130.61392211914062,5,8039,1.0,0.0,808.9765625,3,17.691,40.052,False
132.10568237304688,5,8138,1.0,0.0,810.8984375,3,17.742,40.052,False
133.6326446533203,5,8258,1.0,0.0,812.6640625,3,17.79,40.052,False
135.2297821044922,5,8415,1.0,0.0,814.6171875,3,17.844,40.052,False
136.76927185058594,5,8578,1.0,0.0,816.4609375,3,17.895,40.052,False
138.5493927001953,5,8604,1.0,0.0,818.453125,3,17.946,40.052,False
139.8707733154297,5,8934,1.0,0.0,820.3203125,3,17.994,40.052,False
141.13975524902344,5,9301,1.0,0.0,822.2890625,3,18.045,40.052,False
143.21607971191406,5,9118,1.0,0.0,824.3046875,3,18.099,40.052,False
144.4858856201172,5,9439,1.0,0.0,826.34375,3,18.15,40.052,False
145.79347229003906,5,9733,1.0,0.0,828.6015625,3,18.204,40.052,False
147.41897583007812,5,9756,1.0,0.0,830.65625,3,18.252,40.052,False
148.72415161132812,5,10003,1.0,0.0,832.8125,3,18.306,40.052,False
150.0107421875,5,10245,1.0,0.0,834.7578125,3,18.357,40.052,False
151.476806640625,5,10297,1.0,0.0,836.90625,3,18.408,40.052,False
152.860595703125,5,10409,1.0,0.0,839.09375,3,18.459,40.052,False
154.3451690673828,5,10525,1.0,0.0,841.5625,3,18.513,40.052,False
156.1407470703125,5,10074,0.7745000123977661,0.0,843.734375,3,18.564,40.052,False
157.3148193359375,5,9434,0.46720001101493835,0.0,845.921875,3,18.615,40.052,False
157.25640869140625,5,9396,0.19900000095367432,0.0,848.1640625,3,18.666,40.052,False
156.63626098632812,5,9290,0.0,0.0,850.3515625,3,18.717,40.052,False
155.75924682617188,5,9200,0.0,0.0,852.7578125,3,18.771,40.052,False
154.7564697265625,5,9130,0.0,0.0,854.9453125,3,18.822,40.052,False
153.70603942871094,5,9055,0.0,0.0,857.1015625,3,18.873,40.052,False
152.55775451660156,5,8984,0.0,0.0,859.2109375,3,18.921,40.052,False
151.39158630371094,5,8915,0.0,0.0,861.3828125,3,18.975,40.052,False
150.17172241210938,5,8851,0.0,0.0,863.5078125,3,19.023,40.052,False
149.03675842285156,5,8783,0.0,0.0,865.6171875,3,19.074,40.052,False
147.90090942382812,5,8758,0.1256999969482422,0.0,867.859375,3,19.128,40.052,False
147.05377197265625,5,8786,0.2606000006198883,0.0,869.7265625,3,19.176,40.052,False
146.52691650390625,5,8789,0.3995000123977661,0.0,871.9609375,3,19.23,40.052,False
146.2863006591797,5,8786,0.5049999952316284,0.0,873.9921875,3,19.278,40.052,False
146.31256103515625,5,8801,0.593999981880188,0.0,876.0234375,3,19.329,40.052,False
146.61244201660156,5,8851,0.6798499822616577,0.0,878.078125,3,19.38,40.052,False
147.17935180664062,5,8902,0.7348999977111816,0.0,880.2109375,3,19.431,40.052,False
147.91268920898438,5,8971,0.7915999889373779,0.0,882.296875,3,19.485,40.052,False
148.7491912841797,5,9048,0.8131499886512756,0.0,884.359375,3,19.533,40.052,False
149.6102752685547,5,9119,0.8150999546051025,0.0,886.5234375,3,19.587,40.052,False
150.4273681640625,5,9209,0.8151500225067139,0.0,888.859375,3,19.641,40.052,False
151.26809692382812,5,9274,0.8150999546051025,0.0,890.9921875,3,19.692,40.052,False
152.1332244873047,5,9335,0.8197000026702881,0.0,893.1015625,3,19.743,40.052,False
153.0052490234375,5,9418,0.8383499979972839,0.0,895.1953125,3,19.791,40.052,False
154.0381622314453,5,9496,0.8651000261306763,0.0,897.453125,3,19.845,40.052,False
155.1444854736328,5,9564,0.8936499953269958,0.0,899.5546875,3,19.893,40.052,False
156.34910583496094,5,9637,0.8981499671936035,0.0,901.78125,3,19.944,40.052,False
157.67169189453125,5,9677,0.8988499641418457,0.0,904.09375,3,19.998,40.052,False
159.0265350341797,5,9774,0.9208999872207642,0.0,906.3203125,3,20.049,40.052,False
160.61212158203125,5,9779,0.9464499950408936,0.0,908.6015625,3,20.1,40.052,False
162.09628295898438,5,9961,0.9646999835968018,0.0,910.9765625,3,20.154,40.052,False
163.7544403076172,5,10036,0.9758999943733215,0.0,913.2734375,3,20.205,40.052,False
165.29306030273438,5,10189,0.9838999509811401,0.0,915.59375,3,20.256,40.052,False
166.84939575195312,5,10301,0.9866999983787537,0.0,917.8984375,3,20.304,40.052,False
168.4051513671875,5,10398,0.9932500123977661,0.0,920.28125,3,20.355,40.052,False
169.7873992919922,5,10592,0.9970499873161316,0.0,922.6796875,3,20.406,40.052,False
171.30226135253906,5,10717,1.0,0.0,925.1328125,3,20.46,40.052,False
172.4416961669922,5,11031,1.0,0.0,927.4375,3,20.508,40.052,False
174.21853637695312,5,10760,1.0,0.0,929.7734375,3,20.556,40.052,False
175.5547332763672,5,10889,1.0,0.0,932.5625,3,20.613,40.052,False
176.96974182128906,5,10995,1.0,0.0,935.046875,3,20.664,40.052,False
178.38706970214844,5,11025,1.0,0.0,937.640625,3,20.718,40.052,False
179.57266235351562,5,11187,1.0,0.0,940.2265625,3,20.769,40.052,False
181.01193237304688,5,11200,1.0,0.0,942.6171875,3,20.817,40.052,False
182.16836547851562,5,11405,1.0,0.0,945.3671875,3,20.871,40.052,False
183.62037658691406,5,11396,1.0,0.0,947.90625,3,20.922,40.052,False
184.9166717529297,5,11507,1.0,0.0,950.546875,3,20.973,40.052,False
186.34371948242188,5,11478,1.0,0.0,953.125,3,21.024,40.052,False
187.88064575195312,5,11434,1.0,0.0,955.703125,3,21.072,40.052,False
189.2395477294922,5,11577,1.0,0.0,958.328125,3,21.123,40.052,False
190.67640686035156,5,11687,1.0,0.0,960.9453125,3,21.174,40.052,False
192.06369018554688,5,11759,1.0,0.0,963.9453125,3,21.228,40.052,False
193.33038330078125,5,11886,1.0,0.0,966.671875,3,21.279,40.052,False
194.6425323486328,5,11957,1.0,0.0,969.453125,3,21.333,40.052,False
195.8856964111328,5,12045,1.0,0.0,972.1171875,3,21.381,40.052,False
197.2464599609375,5,12073,1.0,0.0,975.15625,3,21.438,40.052,False
198.34580993652344,5,12226,1.0,0.0,977.890625,3,21.486,40.052,False
199.4691619873047,5,12287,1.0,0.0,980.625,3,21.537,40.052,False
200.54458618164062,5,12320,1.0,0.0,983.40625,3,21.588,40.052,False
201.4917449951172,5,12412,1.0,0.0,986.5,3,21.642,40.052,False
202.50282287597656,5,12421,1.0,0.0,989.3125,3,21.693,40.052,False
203.36009216308594,5,12530,1.0,0.0,992.28125,3,21.744,40.052,False
204.287353515625,5,12557,1.0,0.0,995.1796875,3,21.795,40.052,False
205.10861206054688,5,12645,1.0,0.0,997.9921875,3,21.846,40.052,False
205.50152587890625,6,11274,1.0,0.0,1000.859375,3,21.897,40.052,False
207.1759033203125,6,10911,1.0,0.0,1003.75,3,21.945,40.052,False
208.5767364501953,6,10931,1.0,0.0,1006.8671875,3,21.999,40.052,False
209.64231872558594,6,11191,1.0,0.0,1009.7578125,3,22.05,40.052,False
211.18539428710938,6,11068,1.0,0.0,1012.6953125,3,22.101,40.052,False
212.4746551513672,6,11189,1.0,0.0,1015.6640625,3,22.152,40.052,False
213.8814697265625,6,11224,1.0,0.0,1018.375,3,22.2,40.052,False
215.35922241210938,6,11254,1.0,0.0,1021.546875,3,22.254,40.052,False
216.6129913330078,6,11390,1.0,0.0,1024.9375,3,22.305,40.052,False
217.93479919433594,6,11453,1.0,0.0,1027.9296875,3,22.356,40.052,False
219.2762451171875,6,11529,1.0,0.0,1031.1015625,3,22.41,40.052,False
220.51319885253906,6,11637,1.0,0.0,1034.375,3,22.461,40.052,False
221.79266357421875,6,11716,1.0,0.0,1037.140625,3,22.509,40.052,False
222.5648956298828,6,12148,1.0,0.0,1040.5546875,3,22.563,40.052,False
223.9284210205078,6,11952,1.0,0.0,1043.53125,3,22.611,40.052,False
225.42987060546875,6,11851,1.0,0.0,1046.7890625,3,22.662,40.052,False
226.41065979003906,6,11994,1.0,0.0,1050.2265625,3,22.716,40.052,False
227.6460723876953,6,11999,1.0,0.0,1053.3515625,3,22.767,40.052,False
228.85081481933594,6,12019,1.0,0.0,1056.53125,3,22.818,40.052,False
230.0167236328125,6,12034,1.0,0.0,1059.734375,3,22.866,40.052,False
231.19427490234375,6,12096,1.0,0.0,1063.140625,3,22.92,40.052,False
232.17283630371094,6,12209,1.0,0.0,1066.3125,3,22.971,40.052,False
233.3099365234375,6,12208,1.0,0.0,1069.84375,3,23.025,40.052,False
234.31700134277344,6,12258,1.0,0.0,1073.109375,3,23.076,40.052,False
235.30462646484375,6,12318,1.0,0.0,1076.390625,3,23.124,40.052,False
236.2052001953125,6,12383,1.0,0.0,1079.671875,3,23.175,40.052,False
237.16636657714844,6,12378,1.0,0.0,1083.015625,3,23.226,40.052,False
237.9732208251953,6,12460,1.0,0.0,1086.4375,3,23.277,40.052,False
238.76377868652344,6,12516,1.0,0.0,1089.734375,3,23.328,40.052,False
239.5681915283203,6,12525,1.0,0.0,1093.390625,3,23.382,40.052,False
240.34613037109375,6,12552,1.0,0.0,1096.765625,3,23.433,40.052,False
241.16319274902344,6,12583,1.0,0.0,1100.1328125,3,23.484,40.052,False
241.93045043945312,6,12611,1.0,0.0,1103.4921875,3,23.532,40.052,False
242.70004272460938,6,12642,1.0,0.0,1106.8828125,3,23.583,40.052,False
243.41326904296875,6,12698,1.0,0.0,1110.578125,3,23.64,40.052,False
244.1392822265625,6,12713,1.0,0.0,1113.9453125,3,23.688,40.052,False
244.8306427001953,6,12739,1.0,0.0,1117.3125,3,23.739,40.052,False
245.4750213623047,6,12782,1.0,0.0,1120.828125,3,23.79,40.052,False
246.05685424804688,6,12819,1.0,0.0,1124.3203125,3,23.841,40.052,False
246.75180053710938,6,12801,1.0,0.0,1127.84375,3,23.892,40.052,False
247.10484313964844,7,11327,1.0,0.0,1131.359375,3,23.943,40.052,False
248.12008666992188,7,11173,1.0,0.0,1134.90625,3,23.994,40.052,False
248.92575073242188,7,11228,1.0,0.0,1138.453125,3,24.048,40.052,False
249.76853942871094,7,11291,1.0,0.0,1141.9921875,3,24.099,40.052,False
250.71206665039062,7,11267,1.0,0.0,1145.5078125,3,24.15,40.052,False
251.61819458007812,7,11304,1.0,0.0,1149.0859375,3,24.201,40.052,False
252.40733337402344,7,11375,1.0,0.0,1152.515625,3,24.252,40.052,False
253.1942901611328,7,11411,1.0,0.0,1155.9921875,3,24.3,40.052,False
253.91465759277344,7,11472,1.0,0.0,1159.84375,3,24.354,40.052,False
254.6697235107422,7,11486,1.0,0.0,1163.203125,3,24.399,40.052,False
255.46527099609375,7,11501,1.0,0.0,1166.984375,3,24.453,40.052,False
256.3320617675781,7,11522,1.0,0.0,1170.671875,3,24.507,40.052,False
257.1518249511719,7,11564,1.0,0.0,1174.3046875,3,24.555,40.052,False
257.96044921875,7,11585,1.0,0.0,1178.296875,3,24.612,40.052,False
258.7275085449219,7,11620,1.0,0.0,1181.890625,3,24.663,40.052,False
259.4533386230469,7,11678,1.0,0.0,1185.484375,3,24.711,40.052,False
260.21197509765625,7,11690,1.0,0.0,1189.0859375,3,24.762,40.052,False
260.90106201171875,7,11753,1.0,0.0,1192.6796875,3,24.813,40.052,False
261.66510009765625,7,11751,1.0,0.0,1196.5859375,3,24.867,40.052,False
262.4139404296875,7,11764,1.0,0.0,1200.3359375,3,24.918,40.052,False
263.111083984375,7,11814,1.0,0.0,1204.0078125,3,24.966,40.052,False
263.8056640625,7,11842,1.0,0.0,1207.6953125,3,25.017,40.052,False
264.49029541015625,7,11860,1.0,0.0,1211.5,3,25.071,40.052,False
265.17138671875,7,11893,1.0,0.0,1215.34375,3,25.122,40.052,False
265.86444091796875,7,11921,1.0,0.0,1219.171875,3,25.173,40.052,False
266.49749755859375,7,11992,1.0,0.0,1222.734375,3,25.221,40.052,False
267.1930847167969,7,11977,1.0,0.0,1226.65625,3,25.275,40.052,False
267.8724365234375,7,11987,1.0,0.0,1230.203125,3,25.323,40.052,False
268.48944091796875,7,12036,1.0,0.0,1234.1796875,3,25.377,40.052,False
269.0699768066406,7,12055,1.0,0.0,1238.1328125,3,25.428,40.052,False
269.6944274902344,7,12057,1.0,0.0,1241.7109375,3,25.476,40.052,False
270.2442321777344,7,12095,1.0,0.0,1245.7421875,3,25.53,40.052,False
270.6109924316406,7,12242,1.0,0.0,1249.4140625,3,25.578,40.052,False
271.2019348144531,7,12143,1.0,0.0,1253.53125,3,25.635,40.052,False
271.724609375,7,12157,1.0,0.0,1257.1015625,3,25.683,40.052,False
272.17083740234375,7,12180,1.0,0.0,1261.2421875,3,25.737,40.052,False
272.6853942871094,7,12192,1.0,0.0,1264.9765625,3,25.785,40.052,False
273.089111328125,7,12252,1.0,0.0,1268.7265625,3,25.836,40.052,False
273.5603332519531,7,12248,1.0,0.0,1272.515625,3,25.887,40.052,False
273.98681640625,7,12268,1.0,0.0,1276.359375,3,25.935,40.052,False
274.4173583984375,7,12285,1.0,0.0,1280.625,3,25.992,40.052,False
274.8024597167969,7,12315,1.0,0.0,1284.5078125,3,26.043,40.052,False
275.2331237792969,7,12336,1.0,0.0,1288.390625,3,26.094,40.052,False
275.6056213378906,7,12357,1.0,0.0,1292.3046875,3,26.145,40.052,False
276.02435302734375,7,12345,1.0,0.0,1296.21875,3,26.196,40.052,False
276.41558837890625,7,12366,1.0,0.0,1300.203125,3,26.247,40.052,False
276.7711486816406,7,12383,1.0,0.0,1304.1796875,3,26.301,40.052,False
277.1261291503906,7,12415,1.0,0.0,1308.140625,3,26.352,40.052,False
277.47491455078125,7,12425,1.0,0.0,1311.7734375,3,26.4,40.052,False
277.840087890625,7,12432,1.0,0.0,1315.4140625,3,26.451,40.052,False
278.1621398925781,7,12451,1.0,0.0,1319.8515625,3,26.505,40.052,False
278.504638671875,7,12459,1.0,0.0,1323.5625,3,26.553,40.052,False
278.8396911621094,7,12478,1.0,0.0,1327.5703125,3,26.604,40.052,False
279.1551818847656,7,12482,1.0,0.0,1331.9375,3,26.658,40.052,False
279.44775390625,7,12503,1.0,0.0,1335.4296875,3,26.706,40.052,False
279.73077392578125,7,12510,1.0,0.0,1339.875,3,26.76,40.052,False
280.0495910644531,7,12510,1.0,0.0,1343.703125,3,26.811,40.052,False
280.261474609375,7,12589,1.0,0.0,1347.8671875,3,26.865,40.052,False
280.58575439453125,7,12542,1.0,0.0,1351.671875,3,26.913,40.052,False
280.886474609375,7,12540,1.0,0.0,1355.5390625,3,26.961,40.052,False
281.17218017578125,7,12577,1.0,0.0,1359.1484375,3,27.012,40.052,False
281.3496398925781,7,12607,1.0,0.0,1363.3671875,3,27.066,40.052,False
281.6208801269531,8,11206,1.0,0.0,1367.5078125,3,27.117,40.052,False
282.0433654785156,8,11209,1.0,0.0,1371.9609375,3,27.171,40.052,False
282.36737060546875,8,11280,1.0,0.0,1375.875,3,27.222,40.052,False
282.8005065917969,8,11292,1.0,0.0,1379.9296875,3,27.276,40.052,False
283.15948486328125,8,11368,1.0,0.0,1383.75,3,27.324,40.052,False
283.6411437988281,8,11293,1.0,0.0,1387.859375,3,27.375,40.052,False
284.0576477050781,8,11306,1.0,0.0,1392.1328125,3,27.429,40.052,False
284.4599304199219,8,11323,1.0,0.0,1395.9140625,3,27.477,40.052,False
284.8620910644531,8,11374,1.0,0.0,1400.1875,3,27.531,40.052,False
285.3194274902344,8,11352,1.0,0.0,1404.046875,3,27.582,40.052,False
285.746337890625,8,11381,1.0,0.0,1408.3046875,3,27.633,40.052,False
286.1396179199219,8,11406,1.0,0.0,1412.1640625,3,27.684,40.052,False
286.5543212890625,8,11431,1.0,0.0,1416.4921875,3,27.738,40.052,False
286.94317626953125,8,11464,1.0,0.0,1420.3203125,3,27.786,40.052,False
287.40386962890625,8,11448,1.0,0.0,1424.6015625,3,27.837,40.052,False
287.80950927734375,8,11448,1.0,0.0,1428.7265625,3,27.891,40.052,False
288.221435546875,8,11471,1.0,0.0,1432.5703125,3,27.939,40.052,False
288.5750427246094,8,11538,1.0,0.0,1436.8671875,3,27.993,40.052,False
288.98773193359375,8,11511,1.0,0.0,1441.0625,3,28.044,40.052,False
289.3718566894531,8,11521,1.0,0.0,1444.8671875,3,28.092,40.052,False
289.77496337890625,8,11536,1.0,0.0,1449.1640625,3,28.146,40.052,False
290.049560546875,8,11613,1.0,0.0,1453.3203125,3,28.2,40.052,False
290.53265380859375,8,11546,1.0,0.0,1457.5390625,3,28.248,40.052,False
290.90838623046875,8,11579,1.0,0.0,1461.6640625,3,28.302,40.052,False
291.28070068359375,8,11605,1.0,0.0,1465.859375,3,28.353,40.052,False
291.67742919921875,8,11613,1.0,0.0,1469.515625,3,28.398,40.052,False
292.0350341796875,8,11636,1.0,0.0,1474.1015625,3,28.455,40.052,False
292.443359375,8,11626,1.0,0.0,1478.2109375,3,28.506,40.052,False
292.7773132324219,8,11683,1.0,0.0,1482.2578125,3,28.554,40.052,False
293.1644592285156,8,11663,1.0,0.0,1486.2578125,3,28.605,40.052,False
293.579833984375,8,11666,1.0,0.0,1490.8203125,3,28.659,40.052,False
293.79913330078125,8,11780,1.0,0.0,1494.8359375,3,28.71,40.052,False
294.2867736816406,8,11703,1.0,0.0,1498.8515625,3,28.758,40.052,False
294.6597900390625,8,11717,1.0,0.0,1503.3203125,3,28.812,40.052,False
294.89404296875,8,11717,1.0,0.07765001058578491,1507.421875,3,28.863,40.052,False
294.73699951171875,8,11702,1.0,0.177700012922287,1511.5703125,3,28.914,40.052,False
294.0472412109375,8,11673,1.0,0.2782999873161316,1515.7265625,3,28.965,40.052,False
292.922607421875,8,11577,0.8769500255584717,0.3456500172615051,1519.734375,3,29.013,40.052,False
290.93572998046875,8,11414,0.548550009727478,0.41705000400543213,1524.1875,3,29.067,40.052,False
287.8877868652344,8,11230,0.21529999375343323,0.5062000155448914,1528.203125,3,29.118,40.052,False
283.9647521972656,8,11014,0.0,0.588949978351593,1532.0625,3,29.166,40.052,False
279.4643859863281,8,10851,0.0,0.6344000101089478,1536.3984375,3,29.223,40.052,False
274.8537292480469,8,10663,0.0,0.6653499603271484,1540.1953125,3,29.271,40.052,False
270.12799072265625,8,10463,0.0,0.7003999948501587,1543.9296875,3,29.319,40.052,False
265.3032531738281,8,10275,0.0,0.7004500031471252,1547.921875,3,29.373,40.052,False
260.5685119628906,8,10099,0.0,0.6845499873161316,1551.53125,3,29.424,40.052,False
255.95779418945312,8,9932,0.0,0.6776000261306763,1555.2421875,3,29.475,40.052,False
251.4713897705078,8,9709,0.0,0.6556000113487244,1558.96875,3,29.526,40.052,False
247.01486206054688,8,9587,0.0,0.6432499885559082,1562.65625,3,29.58,40.052,False
242.96121215820312,7,10562,0.0,0.62704998254776,1565.9375,3,29.631,40.052,False
238.79241943359375,7,10440,0.0,0.5730500221252441,1569.3984375,3,29.679,40.052,False
235.16452026367188,7,10231,0.0,0.46175000071525574,1572.75,3,29.733,40.052,False
231.99510192871094,7,10116,0.0,0.396450012922287,1576.125,3,29.784,40.052,False
228.88134765625,7,10009,0.0,0.39149999618530273,1579.4453125,3,29.835,40.052,False
225.93157958984375,6,11433,0.0,0.3534500002861023,1582.3984375,3,29.883,40.052,False
222.9970245361328,6,11280,0.0,0.2959499955177307,1585.765625,3,29.937,40.052,False
220.41590881347656,6,11127,0.0,0.2563999891281128,1588.4375,3,29.982,40.052,False
218.12783813476562,6,11097,0.02590000629425049,0.12315002083778381,1591.734375,3,30.036,40.052,False
216.7403564453125,6,11106,0.27995002269744873,0.0,1595.140625,3,30.093,40.052,False
215.95947265625,6,11092,0.44110000133514404,0.0,1598.0078125,3,30.138,40.052,False
215.3439178466797,6,11070,0.48634999990463257,0.0,1601.40625,3,30.195,40.052,False
214.7920684814453,6,11040,0.48739999532699585,0.0,1604.453125,3,30.243,40.052,False
214.1828155517578,6,11024,0.48820000886917114,0.0,1607.5546875,3,30.297,40.052,False
213.53550720214844,6,10981,0.48875001072883606,0.0,1610.296875,3,30.345,40.052,False
212.82803344726562,6,10950,0.48954999446868896,0.0,1613.4765625,3,30.396,40.052,False
212.12513732910156,6,10907,0.44029998779296875,0.0,1616.453125,3,30.447,40.052,False
211.22679138183594,6,10829,0.20680001378059387,0.0,1619.328125,3,30.495,40.052,False
210.0821990966797,6,10718,0.0,0.0,1622.6640625,3,30.555,40.052,False
208.81744384765625,6,10639,0.0,0.0,1625.609375,3,30.603,40.052,False
207.52005004882812,6,10570,0.0,0.0,1628.515625,3,30.654,40.052,False
206.22093200683594,6,10509,0.0,0.0,1631.53125,3,30.705,40.052,False
204.89024353027344,6,10450,0.08255001902580261,0.0,1634.5078125,3,30.759,40.052,False
203.57342529296875,6,10435,0.18655002117156982,0.0,1637.40625,3,30.81,40.052,False
202.4193572998047,6,10370,0.1675499975681305,0.0,1640.1328125,3,30.858,40.052,False
201.31887817382812,6,10282,0.12845000624656677,0.0,1642.9921875,3,30.912,40.052,False
200.17237854003906,6,10223,0.09280002117156982,0.0,1646.015625,3,30.963,40.052,False
198.991943359375,6,10168,0.11149999499320984,0.0,1648.9140625,3,31.014,40.052,False
197.96002197265625,6,10144,0.28554999828338623,0.0,1651.71875,3,31.068,40.052,False
197.12413024902344,6,10149,0.5195000171661377,0.0,1654.5703125,3,31.119,40.052,False
196.5242156982422,6,10176,0.6794499754905701,0.0,1657.3046875,3,31.167,40.052,False
196.26976013183594,6,10203,0.7551499605178833,0.0,1660.0546875,3,31.218,40.052,False
196.28712463378906,6,10225,0.7959499955177307,0.0,1662.796875,3,31.269,40.052,False
196.43051147460938,6,10252,0.819100022315979,0.0,1665.65625,3,31.32,40.052,False
196.74176025390625,6,10264,0.8194999694824219,0.0,1668.453125,3,31.371,40.052,False
196.9375762939453,6,10333,0.8124499917030334,0.0,1671.1875,3,31.422,40.052,False
197.27389526367188,6,10295,0.7986500263214111,0.0,1673.921875,3,31.473,40.052,False
197.53834533691406,6,10332,0.799049973487854,0.0,1676.734375,3,31.524,40.052,False
197.78073120117188,6,10373,0.8000500202178955,0.0,1679.828125,3,31.578,40.052,False
198.1463623046875,6,10340,0.8009999990463257,0.0,1682.5625,3,31.629,40.052,False
198.4576873779297,6,10381,0.8012000322341919,0.0,1685.296875,3,31.68,40.052,False
198.7906951904297,6,10413,0.8009999990463257,0.0,1688.03125,3,31.728,40.052,False
199.18173217773438,6,10422,0.8129000067710876,0.0,1691.0390625,3,31.785,40.052,False
199.5845489501953,6,10486,0.8791500329971313,0.0,1693.7734375,3,31.833,40.052,False
200.31121826171875,6,10564,0.9839999675750732,0.0,1696.5625,3,31.884,40.052,False
201.20498657226562,6,10701,1.0,0.0,1699.375,3,31.935,40.052,False
202.31500244140625,6,10719,1.0,0.0,1702.46875,3,31.989,40.052,False
203.2608184814453,6,10899,1.0,0.0,1705.3515625,3,32.04,40.052,False
204.47683715820312,6,10863,1.0,0.0,1708.2265625,3,32.091,40.052,False
205.66366577148438,6,10872,1.0,0.0,1711.1953125,3,32.145,40.052,False
206.8836212158203,6,10916,1.0,0.0,1714.0859375,3,32.193,40.052,False
208.27589416503906,6,10923,1.0,0.0,1716.9765625,3,32.244,40.052,False
209.55484008789062,6,11052,1.0,0.0,1719.8671875,3,32.295,40.052,False
211.00787353515625,6,11039,1.0,0.0,1723.046875,3,32.349,40.052,False
212.39454650878906,6,11105,1.0,0.0,1726.0234375,3,32.4,40.052,False
213.64012145996094,6,11262,1.0,0.0,1728.9921875,3,32.451,40.052,False
215.07875061035156,6,11257,1.0,0.0,1731.9765625,3,32.499,40.052,False
216.41639709472656,6,11341,1.0,0.0,1734.9453125,3,32.55,40.052,False
217.774169921875,6,11396,1.0,0.0,1738.2734375,3,32.604,40.052,False
219.0953826904297,6,11488,1.0,0.0,1741.3203125,3,32.655,40.052,False
220.3900909423828,6,11563,1.0,0.0,1744.3671875,3,32.706,40.052,False
221.78598022460938,6,11571,1.0,0.0,1747.4140625,3,32.754,40.052,False
223.066162109375,6,11663,1.0,0.0,1750.5,3,32.805,40.052,False
224.3754425048828,6,11772,1.0,0.0,1753.9375,3,32.859,40.052,False
225.70249938964844,6,11790,1.0,0.0,1757.0625,3,32.91,40.052,False
226.93226623535156,6,11887,1.0,0.0,1760.1875,3,32.961,40.052,False
228.15989685058594,6,11975,1.0,0.0,1763.3203125,3,33.009,40.052,False
229.50146484375,6,11965,1.0,0.0,1766.84375,3,33.066,40.052,False
230.74765014648438,6,12054,1.0,0.0,1770.046875,3,33.114,40.052,False
231.73960876464844,6,12247,1.0,0.07430002093315125,1773.25,3,33.165,40.052,False
232.59341430664062,6,12059,0.9551500082015991,0.22300001978874207,1776.453125,3,33.216,40.052,False
232.18966674804688,6,11927,0.6462500095367432,0.33834999799728394,1779.9765625,3,33.27,40.052,False
230.30821228027344,6,11739,0.2951500117778778,0.40230000019073486,1783.1796875,3,33.321,40.052,False
227.52096557617188,6,11566,0.06735000014305115,0.44929999113082886,1786.3828125,3,33.369,40.052,False
224.32130432128906,6,11322,0.0,0.5457500219345093,1789.5234375,3,33.42,40.052,False
220.80377197265625,6,10799,0.0,0.6370999813079834,1792.7578125,3,33.474,40.052,False
216.41622924804688,6,10817,0.0,0.6407999992370605,1795.9609375,3,33.525,40.052,False
212.0435333251953,6,10699,0.0,0.6190999746322632,1798.8203125,3,33.573,40.052,False
208.09535217285156,5,12063,0.0,0.5925499796867371,1801.6328125,3,33.624,40.052,False
204.13156127929688,5,11925,0.0,0.5634000301361084,1804.9609375,3,33.678,40.052,False
200.35128784179688,5,11666,0.0,0.534500002861023,1807.5859375,3,33.729,40.052,False
196.9828643798828,1,11795,1.0,0.5070000290870667,1810.4765625,3,33.78,40.052,False
193.7411651611328,4,12887,0.0,0.48590001463890076,1813.546875,3,33.834,40.052,False
189.76400756835938,4,13018,0.0,0.4422000050544739,1816.2265625,3,33.885,40.052,False
186.5055694580078,4,12847,0.0,0.38484999537467957,1818.84375,3,33.933,40.052,False
183.61459350585938,4,12684,0.0,0.3220999836921692,1821.421875,3,33.984,40.052,False
180.8352508544922,4,12461,0.0,0.24525001645088196,1824.0546875,3,34.035,40.052,False
178.5175018310547,4,12408,0.0,0.14965000748634338,1826.6171875,3,34.089,40.052,False
176.67193603515625,4,12328,0.0,0.021400004625320435,1829.1171875,3,34.137,40.052,False
175.19309997558594,4,12246,0.0,0.0,1831.78125,3,34.194,40.052,False
173.7639923095703,4,12162,0.0,0.0,1834.21875,3,34.242,40.052,False
172.33885192871094,4,12077,0.0,0.0,1836.71875,3,34.296,40.052,False
171.00010681152344,4,12076,0.21720001101493835,0.0,1839.15625,3,34.347,40.052,False
170.0994110107422,4,12066,0.3859499990940094,0.0,1841.5390625,3,34.398,40.052,False
169.39451599121094,4,12027,0.40139999985694885,0.0,1843.890625,3,34.449,40.052,False
168.8531036376953,4,11970,0.39524999260902405,0.0,1846.15625,3,34.497,40.052,False
168.37295532226562,4,11941,0.4537000060081482,0.0,1848.609375,3,34.548,40.052,False
167.9532928466797,4,12019,0.6445499658584595,0.0,1851.109375,3,34.602,40.052,False
167.8594207763672,4,12084,0.7685999870300293,0.0,1853.484375,3,34.653,40.052,False
168.0022735595703,4,12088,0.7816500067710876,0.0,1855.828125,3,34.701,40.052,False
168.17129516601562,4,12091,0.7847499847412109,0.0,1858.171875,3,34.752,40.052,False
168.24742126464844,4,12090,0.7849500179290771,0.0,1860.75,3,34.806,40.052,False
168.3301544189453,4,12096,0.7723000049591064,0.0,1862.984375,3,34.854,40.052,False
168.46669006347656,4,12085,0.7371000051498413,0.0,1865.4140625,3,34.908,40.052,False
168.58139038085938,4,12116,0.7346500158309937,0.0,1867.7578125,3,34.956,40.052,False
168.71829223632812,4,12147,0.7351499795913696,0.0,1870.1328125,3,35.007,40.052,False
168.8476104736328,4,12187,0.7610999941825867,0.0,1872.7265625,3,35.064,40.052,False
169.13372802734375,4,12266,0.8636499643325806,0.0,1875.0703125,3,35.112,40.052,False
169.76202392578125,4,12385,0.9670000076293945,0.0,1877.4375,3,35.163,40.052,False
170.4485321044922,4,12556,1.0,0.0,1879.78125,3,35.214,40.052,False
171.35914611816406,4,12567,1.0,0.0,1882.125,3,35.262,40.052,False
172.17323303222656,4,12632,1.0,0.0,1884.7578125,3,35.319,40.052,False
173.0107879638672,4,12679,1.0,0.0,1887.1796875,3,35.367,40.052,False
173.9172821044922,4,12716,1.0,0.0,1889.546875,3,35.418,40.052,False
174.86224365234375,4,12745,1.0,0.0,1891.9609375,3,35.466,40.052,False
175.8857879638672,4,12760,1.0,0.0,1894.640625,3,35.523,40.052,False
176.9702911376953,4,12785,1.0,0.0,1897.0703125,3,35.574,40.052,False
178.0205078125,4,12853,1.0,0.0,1899.546875,3,35.622,40.052,False
179.0364532470703,4,12930,1.0,0.0,1902.046875,3,35.673,40.052,False
179.9361114501953,4,13017,1.0,0.0,1904.609375,3,35.724,40.052,False
180.80294799804688,4,13099,1.0,0.0,1907.2265625,3,35.775,40.052,False
181.75006103515625,1,12998,1.0,0.0,1909.7265625,3,35.826,40.052,False
183.0177764892578,5,11336,1.0,0.0,1912.5078125,3,35.883,40.052,False
184.419189453125,5,11316,1.0,0.0,1915.0859375,3,35.931,40.052,False
185.65350341796875,5,11415,1.0,0.0,1917.6640625,3,35.982,40.052,False
186.89833068847656,5,11519,1.0,0.0,1920.2421875,3,36.033,40.052,False
188.2022705078125,5,11568,1.0,0.0,1922.828125,3,36.081,40.052,False
189.62130737304688,5,11561,1.0,0.0,1925.171875,3,36.129,40.052,False
191.00804138183594,5,11625,1.0,0.0,1928.1796875,3,36.186,40.052,False
192.43209838867188,5,11678,1.0,0.0,1930.6640625,3,36.234,40.052,False
193.74913024902344,5,11837,1.0,0.0,1933.7109375,3,36.291,40.052,False
195.26722717285156,5,11862,1.0,0.0,1936.28125,3,36.336,40.052,False
196.57032775878906,5,12084,1.0,0.0,1938.984375,3,36.387,40.052,False
198.05728149414062,5,12060,1.0,0.0,1941.921875,3,36.441,40.052,False
199.5663299560547,5,12116,1.0,0.0,1945.1328125,3,36.495,40.052,False
200.7226104736328,6,10539,1.0,0.0,1947.921875,3,36.546,40.052,False
202.0904998779297,6,10594,1.0,0.0,1950.84375,3,36.6,40.052,False
203.4763641357422,6,10690,1.0,0.0,1953.7578125,3,36.645,40.052,False
204.91836547851562,6,10772,1.0,0.0,1956.5703125,3,36.702,40.052,False
206.41322326660156,6,10840,1.0,0.0,1959.4296875,3,36.75,40.052,False
207.8771514892578,6,10930,1.0,0.0,1962.4296875,3,36.804,40.052,False
209.4005126953125,6,10979,1.0,0.0,1965.5078125,3,36.855,40.052,False
210.94927978515625,6,11078,1.0,0.0,1968.3984375,3,36.906,40.052,False
212.37713623046875,6,11191,1.0,0.0,1971.1953125,3,36.954,40.052,False
213.89207458496094,6,11200,1.0,0.0,1974.328125,3,37.005,40.052,False
215.3708953857422,6,11261,1.0,0.0,1977.59375,3,37.062,40.052,False
216.7222900390625,6,11396,1.0,0.0,1980.5625,3,37.11,40.052,False
218.16268920898438,6,11432,1.0,0.0,1983.671875,3,37.161,40.052,False
219.56478881835938,6,11506,1.0,0.0,1986.7265625,3,37.212,40.052,False
220.9497833251953,6,11563,1.0,0.0,1989.8515625,3,37.263,40.052,False
222.337646484375,6,11627,1.0,0.0,1992.8984375,3,37.314,40.052,False
223.66831970214844,6,11711,1.0,0.0,1996.3359375,3,37.368,40.052,False
224.97467041015625,6,11808,1.0,0.0,1999.4609375,3,37.419,40.052,False
225.99021911621094,7,10212,1.0,0.0,2002.5859375,3,37.47,40.052,False
227.16290283203125,7,10243,1.0,0.0,2005.2890625,3,37.515,40.052,False
228.28713989257812,7,10327,1.0,0.0,2009.0546875,3,37.572,40.052,False
229.5564422607422,7,10370,1.0,0.0,2012.140625,3,37.62,40.052,False
230.71275329589844,7,10438,1.0,0.0,2015.4609375,3,37.671,40.052,False
231.94569396972656,7,10462,1.0,0.0,2018.875,3,37.725,40.052,False
233.1118927001953,7,10536,1.0,0.0,2022.0859375,3,37.776,40.052,False
234.31947326660156,7,10575,1.0,0.0,2025.40625,3,37.827,40.052,False
235.49940490722656,7,10642,1.0,0.0,2028.7734375,3,37.878,40.052,False
236.6782684326172,7,10695,1.0,0.0,2032.0703125,3,37.929,40.052,False
237.87338256835938,7,10738,1.0,0.0,2035.3984375,3,37.98,40.052,False
239.0465850830078,7,10784,1.0,0.0,2038.7421875,3,38.031,40.052,False
240.21514892578125,7,10834,1.0,0.0,2042.15625,3,38.082,40.052,False
241.37623596191406,7,10876,1.0,0.0,2045.6328125,3,38.133,40.052,False
242.49066162109375,7,10955,1.0,0.0,2049.3046875,3,38.187,40.052,False
243.62152099609375,7,10993,1.0,0.0,2052.7578125,3,38.238,40.052,False
244.74368286132812,7,11043,1.0,0.0,2056.140625,3,38.289,40.052,False
245.91815185546875,7,11071,1.0,0.0,2059.5703125,3,38.34,40.052,False
246.9990997314453,7,11130,1.0,0.0,2063.0078125,3,38.388,40.052,False
248.08059692382812,7,11166,1.0,0.0,2066.7890625,3,38.445,40.052,False
249.11273193359375,7,11229,1.0,0.0,2070.2265625,3,38.493,40.052,False
250.15777587890625,7,11267,1.0,0.0,2073.6640625,3,38.544,40.052,False
251.1728057861328,7,11322,1.0,0.0,2077.0625,3,38.595,40.052,False
252.1896514892578,7,11345,1.0,0.0,2080.7109375,3,38.646,40.052,False
253.2300262451172,7,11388,1.0,0.0,2084.0,3,38.694,40.052,False
254.15663146972656,7,11527,1.0,0.0,2088.109375,3,38.751,40.052,False
255.2921905517578,7,11517,1.0,0.0,2091.484375,3,38.802,40.052,False
256.3006896972656,7,11546,1.0,0.0,2095.3828125,3,38.856,40.052,False
256.8807373046875,8,10309,1.0,0.0,2098.6796875,3,38.901,40.052,False
257.7295227050781,8,10325,1.0,0.0,2102.8203125,3,38.958,40.052,False
258.568603515625,8,10373,1.0,0.0,2106.421875,3,39.006,40.052,False
259.4403076171875,8,10402,1.0,0.0,2110.1171875,3,39.06,40.052,False
260.3291320800781,8,10456,1.0,0.0,2113.8984375,3,39.111,40.052,False
261.2200622558594,8,10473,1.0,0.0,2117.609375,3,39.162,40.052,False
262.05853271484375,8,10511,1.0,0.0,2121.234375,3,39.213,40.052,False
262.9342346191406,8,10522,1.0,0.0,2124.921875,3,39.264,40.052,False
263.7543640136719,8,10571,1.0,0.0,2128.9609375,3,39.318,40.052,False
264.57598876953125,8,10618,1.0,0.0,2132.6328125,3,39.369,40.052,False
265.4259033203125,8,10620,1.0,0.0,2136.3046875,3,39.417,40.052,False
266.2330017089844,8,10657,1.0,0.0,2140.1875,3,39.471,40.052,False
267.03485107421875,8,10683,1.0,0.0,2143.8828125,3,39.522,40.052,False
267.8119201660156,8,10726,1.0,0.0,2147.609375,3,39.57,40.052,False
268.59326171875,8,10751,1.0,0.0,2151.359375,3,39.621,40.052,False
269.36279296875,8,10770,1.0,0.0,2155.484375,3,39.675,40.052,False
270.1022644042969,8,10798,1.0,0.0,2159.234375,3,39.726,40.052,False
270.8479919433594,8,10806,1.0,0.0,2162.5390625,3,39.771,40.052,False
271.5391540527344,8,10869,1.0,0.0,2166.6796875,3,39.825,40.052,False
272.23406982421875,8,10900,1.0,0.0,2170.8046875,3,39.879,40.052,False
272.9703369140625,8,10905,1.0,0.0,2174.578125,3,39.93,40.052,False
273.62835693359375,8,10960,1.0,0.0,2178.40625,3,39.981,40.052,False
274.339111328125,8,10958,1.0,0.0,2182.234375,3,40.029,40.052,False
275.0600280761719,8,10976,1.0,0.0,2186.0703125,3,40.08,40.052,False
275.6779479980469,8,11044,1.0,0.0,2190.28125,3,40.137,40.052,False
276.37261962890625,8,11023,1.0,0.0,2194.125,3,40.185,40.052,False
276.9901123046875,8,11081,1.0,0.0,2197.9609375,3,40.236,40.052,False
277.61114501953125,8,11120,1.0,0.0,2201.7890625,3,40.287,40.052,False
278.2634582519531,8,11119,1.0,0.0,2205.625,3,40.335,40.052,False
278.9003601074219,8,11142,1.0,0.0,2209.8984375,3,40.392,40.052,False
279.4927978515625,8,11169,1.0,0.0,2213.8046875,3,40.44,40.052,False
280.12042236328125,8,11180,1.0,0.0,2217.7109375,3,40.491,40.052,False
280.7126159667969,8,11207,1.0,0.0,2221.6171875,3,40.542,40.052,False
281.295654296875,8,11243,1.0,0.0,2225.9140625,3,40.596,40.052,False
281.88897705078125,8,11248,1.0,0.0,2229.5,3,40.644,40.052,False
282.477294921875,8,11267,1.0,0.0,2233.359375,3,40.695,40.052,False
282.987548828125,8,11349,1.0,0.0,2237.3359375,3,40.743,40.052,False
283.61334228515625,8,11319,1.0,0.0,2241.6953125,3,40.797,40.052,False
284.2012634277344,8,11333,1.0,0.0,2245.8203125,3,40.851,40.052,False
284.30615234375,9,10378,1.0,0.0,2249.8046875,3,40.902,40.052,False
284.780517578125,9,10353,1.0,0.0,2253.359375,3,40.947,40.052,False
285.17218017578125,9,10358,1.0,0.0,2257.7578125,3,41.001,40.052,False
285.5137939453125,9,10394,1.0,0.0,2262.1328125,3,41.058,40.052,False
285.9024963378906,9,10406,1.0,0.0,2266.15625,3,41.106,40.052,False
286.2831115722656,9,10429,1.0,0.0,2269.9375,3,41.154,40.052,False
286.6808776855469,9,10424,1.0,0.0,2274.171875,3,41.208,40.052,False
287.0802917480469,9,10417,1.0,0.0,2278.390625,3,41.259,40.052,False
287.4411315917969,9,10462,1.0,0.0,2282.375,3,41.31,40.052,False
287.8455505371094,9,10472,1.0,0.0,2286.84375,3,41.367,40.052,False
288.25,9,10474,1.0,0.0,2290.8359375,3,41.415,40.052,False
288.5926818847656,9,10519,1.0,0.0,2294.8203125,3,41.466,40.052,False
289.0046081542969,9,10517,1.0,0.0,2298.8046875,3,41.517,40.052,False
289.3848571777344,9,10518,1.0,0.0,2302.921875,3,41.568,40.052,False
289.7563171386719,9,10532,1.0,0.0,2306.953125,3,41.619,40.052,False
290.11572265625,9,10524,1.0,0.0,2311.09375,3,41.67,40.052,False
290.4963073730469,9,10556,1.0,0.0,2315.1953125,3,41.721,40.052,False
290.62359619140625,9,10780,1.0,0.0,2319.3203125,3,0.003,40.052,False
